DELETE FROM inventory_consumption;
DELETE FROM stringing;
DELETE FROM history;
DELETE FROM rackets;
DELETE FROM inventory;
DELETE FROM players;
INSERT INTO players (id, user_id, name, club, level, style, grip, string_pref, tension, racquet, notes, email, phone, restring_interval_weeks, inventory_preferences, access_token, created_at, updated_at)
    VALUES ('00000000-0000-0000-0000-000000000001', '00000000-0000-0000-0000-000000000000', 'Player One', '', 'NTRP', '', '', '', 'kg', '', '', 'player1@example.com', '+1 555-000-0001', NULL, NULL, 'dev-token-player-1', '2026-04-26 21:21:18', '2026-04-26 21:21:18');
INSERT INTO players (id, user_id, name, club, level, style, grip, string_pref, tension, racquet, notes, email, phone, restring_interval_weeks, inventory_preferences, access_token, created_at, updated_at)
    VALUES ('00000000-0000-0000-0000-000000000002', '00000000-0000-0000-0000-000000000000', 'Player Two', '', 'NTRP 3.5', 'Counter-puncher', '', 'String Brand X 1.23', '49 lb', 'Racquet Model A', '', 'player2@example.com', '+1 555-000-0002', NULL, 'polyester', 'dev-token-player-2', '2026-04-26 12:04:16', '2026-04-26 12:04:16');
INSERT INTO players (id, user_id, name, club, level, style, grip, string_pref, tension, racquet, notes, email, phone, restring_interval_weeks, inventory_preferences, access_token, created_at, updated_at)
    VALUES ('00000000-0000-0000-0000-000000000003', '00000000-0000-0000-0000-000000000000', 'Player Three', '', 'NTRP 3.5', 'All-court', '', '', 'kg', '', '', 'player3@example.com', '+1 555-000-0003', NULL, NULL, 'dev-token-player-3', '2026-05-12 20:24:45', '2026-05-12 20:24:45');
INSERT INTO players (id, user_id, name, club, level, style, grip, string_pref, tension, racquet, notes, email, phone, restring_interval_weeks, inventory_preferences, access_token, created_at, updated_at)
    VALUES ('00000000-0000-0000-0000-000000000004', '00000000-0000-0000-0000-000000000000', 'Player Four', '', 'NTRP 3.5', 'Counter-puncher', '', 'String Brand Y 1.23', 'kg', 'Racquet Model B', '', 'player4@example.com', '+1 555-000-0004', NULL, 'synthetic gut', 'dev-token-player-4', '2026-05-01 16:17:23', '2026-05-01 16:17:23');
INSERT INTO players (id, user_id, name, club, level, style, grip, string_pref, tension, racquet, notes, email, phone, restring_interval_weeks, inventory_preferences, access_token, created_at, updated_at)
    VALUES ('00000000-0000-0000-0000-000000000005', '00000000-0000-0000-0000-000000000000', 'Player Five', '', 'NTRP 3.5', 'All-court', '', '', '46/42 lb', 'Racquet Model A', '', 'player5@example.com', '+1 555-000-0005', NULL, NULL, 'dev-token-player-5', '2026-04-26 13:13:34', '2026-04-26 13:13:34');
INSERT INTO players (id, user_id, name, club, level, style, grip, string_pref, tension, racquet, notes, email, phone, restring_interval_weeks, inventory_preferences, access_token, created_at, updated_at)
    VALUES ('00000000-0000-0000-0000-000000000006', '00000000-0000-0000-0000-000000000000', 'Player Six', 'Local Tennis Club', 'NTRP 3.5', 'Baseline', '', '', '50 lb', 'Racquet Model C', '', 'player6@example.com', '+1 555-000-0006', NULL, 'hybrid', 'dev-token-player-6', '2026-04-26 12:05:58', '2026-05-07 13:26:57');
INSERT INTO players (id, user_id, name, club, level, style, grip, string_pref, tension, racquet, notes, email, phone, restring_interval_weeks, inventory_preferences, access_token, created_at, updated_at)
    VALUES ('00000000-0000-0000-0000-000000000007', '00000000-0000-0000-0000-000000000000', 'Player Seven', '', 'NTRP 3.0', '', '', 'String Brand Z 1.23', '50 lb', '', '', 'player7@example.com', '+1 555-000-0007', NULL, NULL, 'dev-token-player-7', '2026-04-26 13:25:55', '2026-04-26 13:25:55');
INSERT INTO players (id, user_id, name, club, level, style, grip, string_pref, tension, racquet, notes, email, phone, restring_interval_weeks, inventory_preferences, access_token, created_at, updated_at)
    VALUES ('00000000-0000-0000-0000-000000000008', '00000000-0000-0000-0000-000000000000', 'Player Eight', '', 'NTRP', '', '', '', 'lb', '', '', 'player8@example.com', '+1 555-000-0008', NULL, NULL, 'dev-token-player-8', '2026-05-04 16:48:28', '2026-05-07 15:16:17');
INSERT INTO players (id, user_id, name, club, level, style, grip, string_pref, tension, racquet, notes, email, phone, restring_interval_weeks, inventory_preferences, access_token, created_at, updated_at)
    VALUES ('00000000-0000-0000-0000-000000000009', '00000000-0000-0000-0000-000000000000', 'Player Nine', 'Tennis Club', 'NTRP 4.0', 'Aggressive baseliner', 'L3 (4Γà£")', 'String Brand Z 1.23', '54 / 52 lb', 'Racquet Model D', 'Sample notes', 'player9@example.com', '+1 555-000-0009', 4, 'polyester, natural gut', 'dev-token-player-9', '2026-04-26 12:10:36', '2026-04-26 12:10:36');
INSERT INTO stringing (id, player_id, racquet, string_mains, string_crosses, gauge_mains, gauge_crosses, tension_mains, tension_crosses, tension_unit, tension_unit_crosses, prestretch, prestretch_crosses, strung_at, notes, status, priority, created_at, player_own_string, labour_cost, material_cost, charge_total, string_tier, service_label, regrip, logo_color, pickup_time, picked_up_at, stringer_name, knots, player_name, job_type)
    VALUES ('10000000-0000-0000-0000-000000000001', '00000000-0000-0000-0000-000000000002', 'Racquet Model A #2', 'String Brand X', NULL, '1.23', NULL, '49', NULL, 'lb', 'lb', NULL, NULL, '2026-05-21', NULL, 'queued', 'regular', '2026-05-21 10:16:12', 0, NULL, NULL, NULL, 'regular', NULL, 0, NULL, NULL, NULL, NULL, 4, 'Player Two', 'stringing');
INSERT INTO stringing (id, player_id, racquet, string_mains, string_crosses, gauge_mains, gauge_crosses, tension_mains, tension_crosses, tension_unit, tension_unit_crosses, prestretch, prestretch_crosses, strung_at, notes, status, priority, created_at, player_own_string, labour_cost, material_cost, charge_total, string_tier, service_label, regrip, logo_color, pickup_time, picked_up_at, stringer_name, knots, player_name, job_type)
    VALUES ('10000000-0000-0000-0000-000000000002', '00000000-0000-0000-0000-000000000009', 'Racquet Model D #1', 'String Brand A', 'String Brand B', '1.30', '1.25', '54', '53', 'lb', 'lb', NULL, NULL, '2026-05-16', NULL, 'done', 'regular', '2026-05-16 15:01:59', 0, NULL, NULL, NULL, 'regular', NULL, 0, NULL, NULL, '2026-05-17 22:44:19', NULL, 4, 'Player Nine', 'stringing');
INSERT INTO stringing (id, player_id, racquet, string_mains, string_crosses, gauge_mains, gauge_crosses, tension_mains, tension_crosses, tension_unit, tension_unit_crosses, prestretch, prestretch_crosses, strung_at, notes, status, priority, created_at, player_own_string, labour_cost, material_cost, charge_total, string_tier, service_label, regrip, logo_color, pickup_time, picked_up_at, stringer_name, knots, player_name, job_type)
    VALUES ('10000000-0000-0000-0000-000000000003', '00000000-0000-0000-0000-000000000003', 'Racquet Model E', 'String Brand C', NULL, NULL, NULL, '57', '57', 'lb', 'lb', NULL, NULL, '2026-05-15', NULL, 'done', 'regular', '2026-05-15 16:36:16', 0, NULL, NULL, NULL, 'regular', NULL, 0, NULL, NULL, '2026-05-21 14:23:59', NULL, NULL, 'Player Three', 'undefined');
INSERT INTO stringing (id, player_id, racquet, string_mains, string_crosses, gauge_mains, gauge_crosses, tension_mains, tension_crosses, tension_unit, tension_unit_crosses, prestretch, prestretch_crosses, strung_at, notes, status, priority, created_at, player_own_string, labour_cost, material_cost, charge_total, string_tier, service_label, regrip, logo_color, pickup_time, picked_up_at, stringer_name, knots, player_name, job_type)
    VALUES ('10000000-0000-0000-0000-000000000004', '00000000-0000-0000-0000-000000000009', 'Racquet Model D #2', 'String Brand Z', 'String Brand B', '1.23', '1.25', '54', '52', 'lb', 'lb', NULL, NULL, '2026-05-07', NULL, 'done', 'regular', '2026-05-07 16:22:27', 0, NULL, NULL, NULL, 'regular', NULL, 0, NULL, NULL, '2026-05-07 23:18:16', NULL, 4, 'Player Nine', 'stringing');
INSERT INTO stringing (id, player_id, racquet, string_mains, string_crosses, gauge_mains, gauge_crosses, tension_mains, tension_crosses, tension_unit, tension_unit_crosses, prestretch, prestretch_crosses, strung_at, notes, status, priority, created_at, player_own_string, labour_cost, material_cost, charge_total, string_tier, service_label, regrip, logo_color, pickup_time, picked_up_at, stringer_name, knots, player_name, job_type)
    VALUES ('10000000-0000-0000-0000-000000000005', '00000000-0000-0000-0000-000000000006', 'Racquet Model F 2023', 'String Brand Z', NULL, '1.23', NULL, '52', NULL, 'lb', 'lb', NULL, NULL, '2026-05-07', NULL, 'ready_for_pickup', 'regular', '2026-05-07 13:25:47', 0, NULL, NULL, NULL, 'regular', NULL, 0, NULL, NULL, NULL, NULL, 4, 'Player Six', 'undefined');
INSERT INTO stringing (id, player_id, racquet, string_mains, string_crosses, gauge_mains, gauge_crosses, tension_mains, tension_crosses, tension_unit, tension_unit_crosses, prestretch, prestretch_crosses, strung_at, notes, status, priority, created_at, player_own_string, labour_cost, material_cost, charge_total, string_tier, service_label, regrip, logo_color, pickup_time, picked_up_at, stringer_name, knots, player_name, job_type)
    VALUES ('10000000-0000-0000-0000-000000000006', '00000000-0000-0000-0000-000000000008', 'Racquet Model A', 'String Brand A', NULL, '1.30', NULL, '52', NULL, 'lb', 'lb', NULL, NULL, '2026-05-07', NULL, 'done', 'regular', '2026-05-07 15:48:16', 0, NULL, NULL, NULL, 'regular', NULL, 0, NULL, NULL, '2026-05-15 20:32:25', NULL, 4, 'Player Eight', 'undefined');
INSERT INTO stringing (id, player_id, racquet, string_mains, string_crosses, gauge_mains, gauge_crosses, tension_mains, tension_crosses, tension_unit, tension_unit_crosses, prestretch, prestretch_crosses, strung_at, notes, status, priority, created_at, player_own_string, labour_cost, material_cost, charge_total, string_tier, service_label, regrip, logo_color, pickup_time, picked_up_at, stringer_name, knots, player_name, job_type)
    VALUES ('10000000-0000-0000-0000-000000000007', '00000000-0000-0000-0000-000000000008', 'Racquet Model F', 'String Brand A', NULL, '1.30', NULL, '50', NULL, 'lb', 'lb', NULL, NULL, '2026-05-07', NULL, 'done', 'regular', '2026-05-07 15:47:39', 0, NULL, NULL, NULL, 'regular', NULL, 0, NULL, NULL, '2026-05-15 20:32:27', NULL, 4, 'Player Eight', 'undefined');
INSERT INTO stringing (id, player_id, racquet, string_mains, string_crosses, gauge_mains, gauge_crosses, tension_mains, tension_crosses, tension_unit, tension_unit_crosses, prestretch, prestretch_crosses, strung_at, notes, status, priority, created_at, player_own_string, labour_cost, material_cost, charge_total, string_tier, service_label, regrip, logo_color, pickup_time, picked_up_at, stringer_name, knots, player_name, job_type)
    VALUES ('10000000-0000-0000-0000-000000000008', '00000000-0000-0000-0000-000000000007', 'Racquet Model F', 'String Brand Z', NULL, '1.23', NULL, '50', NULL, 'lb', 'lb', NULL, NULL, '2026-04-30', NULL, 'ready_for_pickup', 'regular', '2026-04-30 09:55:46', 0, NULL, NULL, NULL, 'regular', NULL, 0, NULL, NULL, NULL, NULL, NULL, 'Player Seven', 'undefined');
INSERT INTO stringing (id, player_id, racquet, string_mains, string_crosses, gauge_mains, gauge_crosses, tension_mains, tension_crosses, tension_unit, tension_unit_crosses, prestretch, prestretch_crosses, strung_at, notes, status, priority, created_at, player_own_string, labour_cost, material_cost, charge_total, string_tier, service_label, regrip, logo_color, pickup_time, picked_up_at, stringer_name, knots, player_name, job_type)
    VALUES ('10000000-0000-0000-0000-000000000009', '00000000-0000-0000-0000-000000000009', NULL, 'String Brand Z', 'String Brand B', '1.23', '1.25', '54', '52', 'lb', 'lb', NULL, NULL, '2026-04-26', NULL, 'done', 'regular', '2026-04-26 13:15:06', 1, NULL, NULL, NULL, 'regular', NULL, 0, NULL, NULL, '2026-04-26 17:20:00', NULL, 4, 'Player Nine', 'stringing');
INSERT INTO history (id, player_id, racquet, notes, current_weight, target_weight, current_balance, target_balance, mass_added, mass_location, sw_delta, sw_result, created_at, price_currency, price_overgrip, price_specs_measurement, price_specs_matching, price_grip_replacement, price_bumper_grommet, price_other, price_other_label, price_total, player_name)
    VALUES ('20000000-0000-0000-0000-000000000001', '00000000-0000-0000-0000-000000000009', 'Racquet Model D #2', '2g@3, 2g@9, 5g@Buttcap', 315.00, 324.00, 320.00, 317.00, 9.00, 212.00, 1.10, 325.00, '2026-04-30 09:26:26', NULL, NULL, NULL, NULL, NULL, NULL, NULL, NULL, NULL, 'Player Nine');
INSERT INTO history (id, player_id, racquet, notes, current_weight, target_weight, current_balance, target_balance, mass_added, mass_location, sw_delta, sw_result, created_at, price_currency, price_overgrip, price_specs_measurement, price_specs_matching, price_grip_replacement, price_bumper_grommet, price_other, price_other_label, price_total, player_name)
    VALUES ('20000000-0000-0000-0000-000000000002', '00000000-0000-0000-0000-000000000009', 'Racquet Model D #1', '2g@3, 2g@9, 5g@Buttcap', 315.00, 324.00, 320.00, 317.00, 9.00, 212.00, 1.10, 325.00, '2026-04-30 09:26:04', NULL, NULL, NULL, NULL, NULL, NULL, NULL, NULL, NULL, 'Player Nine');
INSERT INTO inventory (id, name, brand, category, price, quantity, status, notes, created_at, updated_at)
    VALUES ('30000000-0000-0000-0000-000000000001', 'ReString Zero 1.23mm', 'ReString', 'string', 12, 5, 'in_stock', 'Polyester string', '2026-05-01 10:00:00', '2026-05-01 10:00:00');
INSERT INTO inventory (id, name, brand, category, price, quantity, status, notes, created_at, updated_at)
    VALUES ('30000000-0000-0000-0000-000000000002', 'Tourna Big Hitter Silver 17g', 'Tourna', 'string', 14, 3, 'in_stock', 'Polyester string', '2026-05-01 10:00:00', '2026-05-01 10:00:00');
INSERT INTO inventory (id, name, brand, category, price, quantity, status, notes, created_at, updated_at)
    VALUES ('30000000-0000-0000-0000-000000000003', 'Golden Set Snake Bite 17g', 'Golden Set', 'string', 10, 8, 'in_stock', 'Polyester string', '2026-05-01 10:00:00', '2026-05-01 10:00:00');
INSERT INTO inventory (id, name, brand, category, price, quantity, status, notes, created_at, updated_at)
    VALUES ('30000000-0000-0000-0000-000000000004', 'Wilson Pro Overgrip', 'Wilson', 'overgrip', 2.5, 20, 'in_stock', 'Pack of 12', '2026-05-01 10:00:00', '2026-05-01 10:00:00');
INSERT INTO inventory (id, name, brand, category, price, quantity, status, notes, created_at, updated_at)
    VALUES ('30000000-0000-0000-0000-000000000005', 'Babolat Syntech Grip', 'Babolat', 'grip', 5, 10, 'in_stock', 'Replacement grip', '2026-05-01 10:00:00', '2026-05-01 10:00:00');
INSERT INTO rackets (id, player_id, brand, model, year, notes, created_at, updated_at)
    VALUES ('40000000-0000-0000-0000-000000000001', '00000000-0000-0000-0000-000000000002', 'Wilson', 'Pro Staff 97', 2023, 'Main racket', '2026-04-26 12:04:16', '2026-04-26 12:04:16');
INSERT INTO rackets (id, player_id, brand, model, year, notes, created_at, updated_at)
    VALUES ('40000000-0000-0000-0000-000000000002', '00000000-0000-0000-0000-000000000009', 'Head', 'Gravity Pro', 2022, 'Matched set of 3', '2026-04-26 12:10:36', '2026-04-26 12:10:36');
INSERT INTO rackets (id, player_id, brand, model, year, notes, created_at, updated_at)
    VALUES ('40000000-0000-0000-0000-000000000003', '00000000-0000-0000-0000-000000000009', 'Head', 'Gravity Pro', 2022, 'Matched set of 3', '2026-04-26 12:10:36', '2026-04-26 12:10:36');
INSERT INTO rackets (id, player_id, brand, model, year, notes, created_at, updated_at)
    VALUES ('40000000-0000-0000-0000-000000000004', '00000000-0000-0000-0000-000000000009', 'Head', 'Gravity Pro', 2022, 'Matched set of 3', '2026-04-26 12:10:36', '2026-04-26 12:10:36');
INSERT INTO inventory_consumption (id, inventory_id, stringing_job_id, quantity_consumed, consumed_at, notes)
    VALUES ('50000000-0000-0000-0000-000000000001', '30000000-0000-0000-0000-000000000001', '10000000-0000-0000-0000-000000000001', 1, '2026-05-21 10:16:12', 'Stringing job for Player Two');
INSERT INTO inventory_consumption (id, inventory_id, stringing_job_id, quantity_consumed, consumed_at, notes)
    VALUES ('50000000-0000-0000-0000-000000000002', '30000000-0000-0000-0000-000000000002', '10000000-0000-0000-0000-000000000002', 1, '2026-05-16 15:01:59', 'Stringing job for Player Nine');

